market,side,past_final,settled,mean_p,unsettled_share
atd,Yes,620,592,0.270964806595733,0.04516129032258065
h2h,Away,117,117,0.5177181834147154,0.0
h2h,Home,112,112,0.4856027023904019,0.0
player_passing_tds,Over,87,87,0.5649314629878669,0.0
player_passing_tds,Under,96,96,0.5631326836603912,0.0
player_passing_yards,Over,147,146,0.56357977602022,0.006802721088435382
player_passing_yards,Under,217,216,0.5924815716759926,0.004608294930875556
player_receiving_yards,Over,777,761,0.5464858011470775,0.020592020592020588
player_receiving_yards,Under,847,820,0.5973939789131305,0.031877213695395534
player_receptions,Over,563,548,0.5498531586512054,0.026642984014209614
player_receptions,Under,595,582,0.5984536054724577,0.021848739495798353
player_rushing_yards,Over,356,352,0.5450140594136267,0.011235955056179803
player_rushing_yards,Under,392,389,0.6046945225398136,0.007653061224489832
spreads,Away,233,233,0.5938023488979166,0.0
spreads,Home,214,214,0.5155533266520033,0.0
totals,Over,283,283,0.5721391143262265,0.0
totals,Under,251,251,0.5418548555899525,0.0
