market,side,settled,n,mean_p,median_line
atd,Yes,False,28,0.2507011082048664,0.5
atd,Yes,True,592,0.27192322476286857,0.5
player_passing_tds,Over,True,87,0.5649314629878669,1.5
player_passing_tds,Under,True,96,0.5631326836603912,1.5
player_passing_yards,Over,False,1,0.0009976699465107375,174.5
player_passing_yards,Over,True,146,0.5674330781166153,231.0
player_passing_yards,Under,False,1,0.9990023300534893,174.5
player_passing_yards,Under,True,216,0.5905995311279486,220.5
player_receiving_yards,Over,False,16,0.4956940995903932,18.5
player_receiving_yards,Over,True,761,0.5475536950037225,27.5
player_receiving_yards,Under,False,27,0.6057183524386452,48.5
player_receiving_yards,Under,True,820,0.5971198836872904,29.5
player_receptions,Over,False,15,0.5962247557022877,2.5
player_receptions,Over,True,548,0.548583863111486,2.5
player_receptions,Under,False,13,0.48710387352402557,3.5
player_receptions,Under,True,582,0.6009407987977663,2.5
player_rushing_yards,Over,False,4,0.5450742003960003,26.5
player_rushing_yards,Over,True,352,0.5450133759933724,30.5
player_rushing_yards,Under,False,3,0.5723679952480155,26.5
player_rushing_yards,Under,True,389,0.6049438273775396,28.5
