target,pos,eval,model,n,rmse,r2,spearman,dMSE_vs_act_m8,lo,hi
y1,QB,val2024,act_m3,647,9.020167466468259,0.07104575312372707,0.3961235899697698,9.740229670392225,4.661536042097795,14.837154445241323
y1,QB,val2024,act_m8,647,8.463048590947603,0.18225331535452205,0.4378829947614557,0.0,0.0,0.0
y1,QB,val2024,act_m16,647,8.32325105750837,0.20904620797023354,0.44635760200638686,-2.3466832864259857,-5.958101348854847,0.7492461476338181
y1,QB,val2024,act_e1.5,647,8.641717890494368,0.1473608056847383,0.42279276779805935,3.0560966461502375,-0.8582704357933962,6.7969287515153205
y1,QB,val2024,act_e3,647,8.328753752743019,0.2080000262892301,0.4478930008850011,-2.255052378909255,-4.384387353125453,-0.3613429941823955
y1,QB,val2024,act_e6,647,8.205666637864796,0.23123631108585163,0.459117476089171,-4.290226480972834,-6.802684812598708,-2.043668043314694
y1,QB,val2024,xfp_m3,647,8.499286844647262,0.17523523992530432,0.4388437935358325,0.6146854148538239,-4.480846299370476,5.125320064064808
y1,QB,val2024,xfp_m8,647,8.291846445238251,0.2150036723359222,0.4589206762938022,-2.86847398132997,-5.4919746512346155,-0.04628969538954586
y1,QB,val2024,xfp_m16,647,8.272425876098982,0.21867649059030292,0.46176683398979534,-3.190161577188192,-7.223000623929304,0.8113832129314262
y1,QB,val2024,xfp_e3,647,8.142972005300313,0.24293876876860954,0.47899926053485187,-5.3151983736355675,-9.055742754630256,-1.593423894119995
y1,QB,val2024,xfp_e6,647,8.141318088274303,0.24324627057525194,0.4759249352416457,-5.34213123827783,-8.885938929409207,-1.2999844109467817
y1,QB,val2024,ols[act_m8],647,8.324521408523287,0.20880474808289728,0.4378794882864532,-2.3255347717776687,-4.287304032105373,-0.37633244720992554
y1,QB,val2024,ols[xfp_m8],647,8.307403625848668,0.21205528535634166,0.458926579283629,-2.610236449976597,-6.419661940438933,1.4105679932957278
y1,QB,val2024,ols[xfp_e3],647,8.189059353792251,0.23434493297213266,0.47899926053485187,-4.562498352807822,-8.73194849405567,0.9193632335722924
y1,QB,val2024,"ols[xfp_e3,act_e3]",647,8.161749699912551,0.23944317637642898,0.4693971945200687,-5.009033288717575,-8.016894026572244,-1.9309155229004205
y1,QB,val2024,"ols[xfp_m8,res_m8]",647,8.266754886690865,0.21974736355178648,0.4588760919077337,-3.2839550961128765,-5.549195470118562,-0.9335331389408605
y1,QB,val2024,"ols[xfp_e3,xfp_m16]",647,8.185917327497283,0.2349323623047147,0.480790191151202,-4.6139489601199415,-9.085370632157414,0.1806426276563358
y1,QB,val2024,"ols[xfp_e3,xfp_m16,res_m16]",647,8.150361075587115,0.24156420511281484,0.47423963235814187,-5.194805790294623,-8.504915748452975,-2.1393854377410966
y1,QB,val2024,"ols[+vol,share]",647,8.139999987496648,0.24349129157094496,0.4769900074966896,-5.363591656294773,-9.227868082857896,-1.8647949186001735
y1,QB,hold2025,act_m3,573,9.196256444688284,-0.03659957471576458,0.31276028716862364,11.122771896078447,5.953440102853537,16.85464834883841
y1,QB,hold2025,act_m8,573,8.57020190546246,0.09973371376163864,0.3702143555068324,0.0,0.0,0.0
y1,QB,hold2025,act_m16,573,8.498768798204004,0.11467870808332958,0.36703990243353474,-1.2192896150664438,-4.060203463976348,1.6839421141655873
y1,QB,hold2025,act_e1.5,573,8.784995836224546,0.054041683941510765,0.34277265096392895,3.72779114209024,-0.11065897313215695,7.191615157595807
y1,QB,hold2025,act_e3,573,8.481935082086084,0.11818238915626944,0.3766069523148249,-1.5051379636697106,-4.096909546231456,0.7863834172302768
y1,QB,hold2025,act_e6,573,8.376269418656351,0.14001642814356074,0.38901128943817287,-3.286471326474768,-5.820725751259553,-0.9525515961295113
y1,QB,hold2025,xfp_m3,573,8.78968761984906,0.05303100232528557,0.33695616121733735,3.8102477541354745,-1.1887180121369083,8.544473140831629
y1,QB,hold2025,xfp_m8,573,8.48117033329914,0.11834139498228047,0.3715272678871717,-1.5181104779589134,-3.9824603850900506,1.0143887632291453
y1,QB,hold2025,xfp_m16,573,8.324153553535869,0.15068450907258013,0.3902772773555477,-4.156828317548545,-7.035914740653994,-1.1756559117161751
y1,QB,hold2025,xfp_e3,573,8.366907963584797,0.1419376172488086,0.3810509733663461,-3.4432118292936593,-6.926533095508989,-0.45148976576351457
y1,QB,hold2025,xfp_e6,573,8.290814325947224,0.15747410485380098,0.39430078531136314,-4.710758513060654,-7.482471576243357,-1.9354352561155375
y1,QB,hold2025,ols[act_m8],573,8.37235301875099,0.14082042620822954,0.37020726114892405,-3.352065629803562,-5.148257812048861,-1.5600688967635774
y1,QB,hold2025,ols[xfp_m8],573,8.367869803297735,0.14174032431387518,0.3715251748191754,-3.4271156554502937,-7.02226507335411,-0.3288210952922618
y1,QB,hold2025,ols[xfp_e3],573,8.288139343628519,0.1580176891642725,0.3810509733663461,-4.755106920989391,-8.039020674682892,-1.4792634059075016
y1,QB,hold2025,"ols[xfp_e3,act_e3]",573,8.272034022378499,0.1612867511134397,0.385240937366588,-5.02181383300497,-7.916561021174334,-2.71339917586423
y1,QB,hold2025,"ols[xfp_m8,res_m8]",573,8.334771066158945,0.14851651231390117,0.3760399962263748,-3.9799519751120584,-6.055446996826653,-1.9485368122222644
y1,QB,hold2025,"ols[xfp_e3,xfp_m16]",573,8.275034887724619,0.16067811675779398,0.38618674654468754,-4.972158307332762,-8.663435298132782,-1.8262374991588737
y1,QB,hold2025,"ols[xfp_e3,xfp_m16,res_m16]",573,8.285667428157609,0.15851985222926512,0.3877112164230647,-4.796075970360448,-7.658578486897704,-1.9460035911870595
y1,QB,hold2025,"ols[+vol,share]",573,8.254698208421518,0.16479847294699002,0.39391303416531065,-5.308318188274967,-8.121145372662184,-2.320787395051743
y1,RB,val2024,act_m3,1344,7.081577908064658,0.23428229868523065,0.5768473821989359,6.180210648875757,3.0611686016302326,9.389513106269156
y1,RB,val2024,act_m8,1344,6.630877394365973,0.32864750420858413,0.6098813489629349,0.0,0.0,0.0
y1,RB,val2024,act_m16,1344,6.560894278378638,0.34274380029647644,0.6106112439614108,-0.9232012870521231,-2.554489786553741,0.8507262749636183
y1,RB,val2024,act_e1.5,1344,6.78979349668268,0.2960825296434323,0.600387118065712,2.1327607084807525,0.1631913398619723,4.151630002932645
y1,RB,val2024,act_e3,1344,6.549147609242069,0.34509520524446735,0.6198361304038393,-1.0772006114725627,-2.101863589373359,-0.09663247104919118
y1,RB,val2024,act_e6,1344,6.491736805530558,0.35652686485687735,0.620805830098749,-1.825888266833573,-2.9178109919914053,-0.6141644385938257
y1,RB,val2024,xfp_m3,1344,6.788144847178045,0.2964243286379329,0.5871240241622182,2.110375447156173,-0.13163106368813698,4.235536780991599
y1,RB,val2024,xfp_m8,1344,6.643840555077217,0.32601999153397365,0.5972092075227003,0.17208230217507747,-1.7304099080484436,1.7109012699423807
y1,RB,val2024,xfp_m16,1344,6.650128463468673,0.32474364242284526,0.5937045511569181,0.25567356152254206,-2.141202507484009,2.61655122690946
y1,RB,val2024,xfp_e3,1344,6.55940260796564,0.34304263095381693,0.6089003226312996,-0.942772445727222,-2.455697203743671,0.5541667245910686
y1,RB,val2024,xfp_e6,1344,6.570514906339677,0.340814839652375,0.6048169069592396,-0.7968688846817642,-2.7774098910514575,1.2578049257693524
y1,RB,val2024,ols[act_m8],1344,6.564546603570558,0.3420118325390533,0.6098783032818285,-0.8752629086639132,-2.069427660749173,0.38968435569090876
y1,RB,val2024,ols[xfp_m8],1344,6.637096921446213,0.3273875040570502,0.5972087620998595,0.08252052555713618,-2.5473697128105197,2.511824976849823
y1,RB,val2024,ols[xfp_e3],1344,6.563216704019667,0.3422784067849278,0.6089003226312996,-0.8927215151908854,-2.7839186259062263,1.0627758768929905
y1,RB,val2024,"ols[xfp_e3,act_e3]",1344,6.488164958472858,0.3572347664216886,0.6200116501266211,-1.8722504907585673,-3.6396459020408947,-0.45625790603339883
y1,RB,val2024,"ols[xfp_m8,res_m8]",1344,6.560859869139579,0.34275069436470373,0.6091100629784619,-0.9236527966274579,-2.38905348974035,0.7437979417042507
y1,RB,val2024,"ols[xfp_e3,xfp_m16]",1344,6.560849193183411,0.34275283334014583,0.609082989981245,-0.9237928834182583,-3.050863085618722,1.156845280305561
y1,RB,val2024,"ols[xfp_e3,xfp_m16,res_m16]",1344,6.492906351598425,0.35629498876920906,0.6185645917522834,-1.8107021284865041,-3.4370875423825105,-0.23392453649991488
y1,RB,val2024,"ols[+vol,share]",1344,6.4847462576025,0.35791195115789587,0.6195658502477646,-1.9166009936240371,-3.493959334665309,-0.4011936461887807
y1,RB,hold2025,act_m3,1215,7.223394166389934,0.2515839813453917,0.5910635749342086,3.3733735807134977,0.8941122929209989,5.713809410032365
y1,RB,hold2025,act_m8,1215,6.9859895292165035,0.2999705567233495,0.6005676658634888,0.0,0.0,0.0
y1,RB,hold2025,act_m16,1215,6.868638983684981,0.32329119562788067,0.608037394839856,-1.6258482141255683,-3.048642334124137,-0.052747121544385496
y1,RB,hold2025,act_e1.5,1215,7.012061421995147,0.2947357508925541,0.6128154830343704,0.3649556835099901,-1.6803877119309116,2.497796318215411
y1,RB,hold2025,act_e3,1215,6.8324308346658205,0.33040695493551564,0.6219983749594057,-2.121938591830343,-3.3335415011119696,-1.0253730012512448
y1,RB,hold2025,act_e6,1215,6.7930833129030335,0.33809703266133606,0.6178888574123547,-2.6580688062809728,-3.9952218419400367,-1.2854938267178109
y1,RB,hold2025,xfp_m3,1215,6.898767253682696,0.3173416093313719,0.6062042132521615,-1.2110600818379353,-3.1088346194383436,0.5932950971822186
y1,RB,hold2025,xfp_m8,1215,6.839088159087965,0.32910145475080543,0.609027283426513,-2.030922854545409,-3.7473848846223303,-0.6831009831704545
y1,RB,hold2025,xfp_m16,1215,6.803642302784011,0.3360377443553554,0.6091391896459601,-2.5145011180905,-4.492572047278536,-0.3567699320745253
y1,RB,hold2025,xfp_e3,1215,6.7097501564799815,0.3542370199970918,0.6267862068557658,-3.7833025399394913,-5.271901478766301,-2.2393295417126833
y1,RB,hold2025,xfp_e6,1215,6.737621424974427,0.34886107784626563,0.6204696252658543,-3.4085072360481945,-5.181585190740122,-1.6863054980194927
y1,RB,hold2025,ols[act_m8],1215,6.877470577132134,0.3215498727106545,0.6005794440037717,-1.5044481630044118,-2.603543939704891,-0.1905638216806976
y1,RB,hold2025,ols[xfp_m8],1215,6.845175885230988,0.32790653978907014,0.609021866925705,-1.9476168025747782,-3.4962013002888486,-0.3389665905750796
y1,RB,hold2025,ols[xfp_e3],1215,6.733027977314135,0.3497486174706075,0.6267862068557658,-3.4703839590277497,-5.322133340662493,-1.8278402771582307
y1,RB,hold2025,"ols[xfp_e3,act_e3]",1215,6.711341174619634,0.35393073663264674,0.6280370780885162,-3.7619493401777717,-5.21557655544617,-2.4302320789715592
y1,RB,hold2025,"ols[xfp_m8,res_m8]",1215,6.82862033911175,0.33115362032980544,0.6098190850616431,-2.1739939665919508,-3.237578621116933,-1.0675477148339279
y1,RB,hold2025,"ols[xfp_e3,xfp_m16]",1215,6.7305321639247175,0.3502306013035268,0.626813912408126,-3.5039864926974786,-5.027228584228875,-1.859621850205021
y1,RB,hold2025,"ols[xfp_e3,xfp_m16,res_m16]",1215,6.721077474107181,0.3520548413580783,0.6266647567134767,-3.6311672893716533,-5.19235744036872,-2.4081662355178564
y1,RB,hold2025,"ols[+vol,share]",1215,6.737485393545954,0.3488873703486094,0.6266163773729512,-3.4103402740775337,-4.7547121575543825,-2.1604775531206832
y1,WR,val2024,act_m3,2023,7.423544425044859,0.1137970063860183,0.48116742039200355,6.965224089159193,4.775085320146734,8.574478043442184
y1,WR,val2024,act_m8,2023,6.938572457030006,0.22580413977424663,0.5210228993237119,0.0,0.0,0.0
y1,WR,val2024,act_m16,2023,6.905335652184808,0.23320340447618348,0.5194383190928343,-0.4601272721208076,-1.419430280041748,0.6505691519935953
y1,WR,val2024,act_e1.5,2023,7.1793062710835835,0.17115074631698723,0.5044340542958122,3.3986507925646663,1.9776322595967133,4.919086351773492
y1,WR,val2024,act_e3,2023,6.908563920155435,0.23248627683784173,0.5291636102617921,-0.4155323025819726,-1.1951506341990297,0.254136391988573
y1,WR,val2024,act_e6,2023,6.8318393729883535,0.24943919255111535,0.5317476475899251,-1.4697585231415005,-2.271940197260615,-0.8527306008521867
y1,WR,val2024,xfp_m3,2023,7.025158285954442,0.20636133685643132,0.5150910237190518,1.2090612012589403,-0.7308473773458977,3.2477183226846953
y1,WR,val2024,xfp_m8,2023,6.924607186509617,0.22891745283001919,0.5175408247682118,-0.19360305399477795,-1.6290617291739822,1.381699300783685
y1,WR,val2024,xfp_m16,2023,6.932968209515565,0.2270542623449967,0.50434411428954,-0.07773954730195243,-1.8179795827762675,1.4652387945521683
y1,WR,val2024,xfp_e3,2023,6.843182404710363,0.24694478299099776,0.532757109880758,-1.3146423173179045,-2.541476027724473,0.29531611438587346
y1,WR,val2024,xfp_e6,2023,6.856760584849809,0.24395340761021267,0.5216454787485144,-1.1286220235055069,-2.2583223597425537,0.32882348914372417
y1,WR,val2024,ols[act_m8],2023,6.858658569592831,0.2435347949192056,0.5210328647173528,-1.1025903672062256,-1.7208131737860124,-0.4861332756407188
y1,WR,val2024,ols[xfp_m8],2023,6.9221350198734894,0.2294679257217107,0.517541126369758,-0.2278345080964499,-1.7791009928047452,1.8848821216275071
y1,WR,val2024,ols[xfp_e3],2023,6.84969956326074,0.245509743871011,0.532757109880758,-1.2254036345210366,-2.8243174454254474,0.4181384039974916
y1,WR,val2024,"ols[xfp_e3,act_e3]",2023,6.807972912927883,0.25467407568354283,0.5388336499252483,-1.7952925582956354,-2.7861344496043423,-0.7688242672494228
y1,WR,val2024,"ols[xfp_m8,res_m8]",2023,6.857677986861678,0.24375108318705507,0.5272172894599462,-1.116040369968161,-2.1497121480134194,0.04751002313909085
y1,WR,val2024,"ols[xfp_e3,xfp_m16]",2023,6.859176625363481,0.24342051427345268,0.5286701494448095,-1.0954837635226582,-2.4017470797382225,0.6048204941504463
y1,WR,val2024,"ols[xfp_e3,xfp_m16,res_m16]",2023,6.8137391866075765,0.25341097625920006,0.5370055883719189,-1.7167460383437216,-2.6475392780299076,-0.6487163497569682
y1,WR,val2024,"ols[+vol,share]",2023,6.803562842629351,0.2556393777363818,0.5381210576473596,-1.8553203878486357,-2.8279848654446544,-1.0582457260468092
y1,WR,hold2025,act_m3,1861,7.005959212941693,0.1389812330611957,0.47173684690949175,4.725242755423409,2.8300399045995377,6.653012914993906
y1,WR,hold2025,act_m8,1861,6.660196824267222,0.22187111731759412,0.5020573262820613,0.0,0.0,0.0
y1,WR,hold2025,act_m16,1861,6.619058015914443,0.23145414673418774,0.49902489962997004,-0.5462927199379379,-1.5560350396478542,0.3631925928309576
y1,WR,hold2025,act_e1.5,1861,6.792334138128475,0.19068890799256255,0.4927826859317603,1.7775813060063186,0.5110310439080145,3.0924750172773807
y1,WR,hold2025,act_e3,1861,6.579496292910327,0.24061379864878452,0.5136075721019383,-1.068450269558447,-1.9238852975323286,-0.3497726140263803
y1,WR,hold2025,act_e6,1861,6.5282478316462935,0.25239762118561193,0.5155359545744095,-1.740201986584644,-2.533976605991455,-1.097233165462602
y1,WR,hold2025,xfp_m3,1861,6.8294389015199926,0.18182264284593996,0.4865228855434727,2.283013971615425,0.3921709599592932,4.266462204001388
y1,WR,hold2025,xfp_m8,1861,6.602934568927045,0.2351938075303852,0.5052740963522193,-0.7594768164473891,-1.8789410509968385,0.17913219143687711
y1,WR,hold2025,xfp_m16,1861,6.590146506261039,0.2381533760242106,0.4990605395276701,-0.9281907639945928,-2.562074183760034,0.4608662776154669
y1,WR,hold2025,xfp_e3,1861,6.5732617371016095,0.24205226516030143,0.5141446137603294,-1.1504518735351041,-2.324070470511268,0.09758856588406215
y1,WR,hold2025,xfp_e6,1861,6.551366269171028,0.24709328773408734,0.5104540529561752,-1.4378217451472608,-2.7808742824886665,-0.27001638057773025
y1,WR,hold2025,ols[act_m8],1861,6.523009142053998,0.2535969890688532,0.5020711476359887,-1.808573470659148,-2.5801357965306737,-0.9547000466902996
y1,WR,hold2025,ols[xfp_m8],1861,6.545142131935133,0.24852320889761104,0.5052737499325038,-1.5193362107467934,-2.8370986365379522,-0.14153574524851836
y1,WR,hold2025,ols[xfp_e3],1861,6.529858831326428,0.25202859849231807,0.5141446137603294,-1.7191653809274356,-3.0539839630074286,-0.2761226330772303
y1,WR,hold2025,"ols[xfp_e3,act_e3]",1861,6.470902865875088,0.26547400575986335,0.5201660707578329,-2.4856378383887545,-3.612135488024393,-1.389232452370352
y1,WR,hold2025,"ols[xfp_m8,res_m8]",1861,6.500715756061076,0.2586901647626014,0.5096878887475857,-2.098916396878451,-3.0539230044242123,-1.2046431529279955
y1,WR,hold2025,"ols[xfp_e3,xfp_m16]",1861,6.517151491214071,0.2549369243744801,0.5135466690783884,-1.8849581785453893,-3.328017281590932,-0.5496402368467178
y1,WR,hold2025,"ols[xfp_e3,xfp_m16,res_m16]",1861,6.486425730776097,0.26194571182139725,0.5143136444704737,-2.2845029771049497,-3.3704157850902026,-1.3871025471624294
y1,WR,hold2025,"ols[+vol,share]",1861,6.48523074589555,0.26221762813110205,0.5165232934113243,-2.300003910470224,-3.27287918682524,-1.2930801845659181
y1,TE,val2024,act_m3,1057,5.675181581905193,0.1295666685251453,0.47712043516831787,4.007543895946899,2.193246294603471,6.2743725635104015
y1,TE,val2024,act_m8,1057,5.310380597626598,0.2378731077311229,0.5088747900487526,0.0,0.0,0.0
y1,TE,val2024,act_m16,1057,5.211262550555323,0.2660577349112536,0.5113702907740019,-1.0428847208286562,-2.123234619376409,-0.10941945513581797
y1,TE,val2024,act_e1.5,1057,5.4968435124368265,0.1834124833466244,0.49620050891334244,2.015146508569803,0.6054276105650589,3.6842467463045314
y1,TE,val2024,act_e3,1057,5.268165398140029,0.2499420945870785,0.520394850380181,-0.4465754294891333,-1.2576866346416922,0.3827084114090681
y1,TE,val2024,act_e6,1057,5.18575892874767,0.27322389969719285,0.5250914890063908,-1.3080464245628427,-2.0823462016805703,-0.48900514393048516
y1,TE,val2024,xfp_m3,1057,5.509919050859083,0.1795229708697591,0.49531229676641075,2.159065855370841,0.37994812839227743,3.815091756067861
y1,TE,val2024,xfp_m8,1057,5.294208929594851,0.24250784019907368,0.5079132031923831,-0.17149390144716392,-1.1878166129980126,0.8063952563306966
y1,TE,val2024,xfp_m16,1057,5.247064010712559,0.25593870387538975,0.502055310179033,-0.66846135913406,-1.9070830769434175,0.5736302954833264
y1,TE,val2024,xfp_e3,1057,5.262990614168768,0.2514148962322128,0.5196026361063597,-0.5010718868204798,-1.4288833844110098,0.5392932435206017
y1,TE,val2024,xfp_e6,1057,5.221264870208091,0.2632376235760625,0.5191560692996485,-0.9385352467799137,-1.97412244256641,0.11472761612489854
y1,TE,val2024,ols[act_m8],1057,5.2551606080127895,0.25364065198077546,0.5088978029368922,-0.5834290756396712,-1.319838702826924,0.09599085109485807
y1,TE,val2024,ols[xfp_m8],1057,5.279987975678485,0.24657182534658517,0.5079189433706363,-0.32186906833963747,-1.3551780527459543,0.8168741589605708
y1,TE,val2024,ols[xfp_e3],1057,5.25394063501594,0.25398714284139756,0.5196026361063597,-0.5962498953773263,-1.6776076518232805,0.5409623226150346
y1,TE,val2024,"ols[xfp_e3,act_e3]",1057,5.23455661488216,0.2594817052506446,0.52243665961037,-0.7995591372424435,-1.6801118569390787,0.10225928247236506
y1,TE,val2024,"ols[xfp_m8,res_m8]",1057,5.259187805024155,0.25249629577333743,0.5119239301348374,-0.5410857231342341,-1.4980260292042795,0.3299207767235715
y1,TE,val2024,"ols[xfp_e3,xfp_m16]",1057,5.234454318262831,0.25951064820932446,0.5191576606222326,-0.8006300816686291,-1.8905561427115818,0.3618951435502765
y1,TE,val2024,"ols[xfp_e3,xfp_m16,res_m16]",1057,5.202843161711474,0.26842735399697437,0.5228935623877314,-1.13056512628118,-2.088655629355524,-0.2307256167549202
y1,TE,val2024,"ols[+vol,share]",1057,5.193968825153417,0.27092086951521266,0.5237944492501662,-1.2228299349834622,-2.1368371056473117,-0.411031710003781
y1,TE,hold2025,act_m3,996,6.0920995502324145,0.06255207880612945,0.43348305357016886,5.758212993868895,3.6466672000738662,7.889643089688444
y1,TE,hold2025,act_m8,996,5.599594979645679,0.20799778096826138,0.5010867407531386,0.0,0.0,0.0
y1,TE,hold2025,act_m16,996,5.520284023861953,0.23027425304244686,0.5010527323021127,-0.8819282319675814,-2.1637665034469302,0.5570654991430752
y1,TE,hold2025,act_e1.5,996,5.783742222353009,0.15504997255701014,0.4781882912640442,2.0962101585558344,0.5182554252596077,3.524238214707949
y1,TE,hold2025,act_e3,996,5.5714501987971286,0.21593932314910724,0.49954569836281815,-0.3144066183965286,-1.0196341609863946,0.5590117588703162
y1,TE,hold2025,act_e6,996,5.489943896246017,0.23871200743800114,0.5087666027719477,-1.2159799521441954,-2.0947400973507073,-0.47032776516860053
y1,TE,hold2025,xfp_m3,996,5.717303771563306,0.17435053675957024,0.47710183957370583,1.3320984802589066,-0.8381466766527844,3.1636027964594287
y1,TE,hold2025,xfp_m8,996,5.495751508672473,0.23710047761637165,0.5171750194039602,-1.1521792909973243,-2.3238209108486707,-0.07988851394654503
y1,TE,hold2025,xfp_m16,996,5.4755480489687915,0.24269930381662486,0.510329536471873,-1.3738374995071503,-2.8856122648083637,0.0285184886454821
y1,TE,hold2025,xfp_e3,996,5.469137100468025,0.24447160989988925,0.5160625540565428,-1.444003312357296,-2.9434514212675835,-0.0929095426005856
y1,TE,hold2025,xfp_e6,996,5.442840745427119,0.25171950998397674,0.5186391268795401,-1.7309485559914641,-3.1174227769985516,-0.3983078674992114
y1,TE,hold2025,ols[act_m8],996,5.518255342936995,0.23083989097198498,0.5010536003692182,-0.9043219062203995,-1.6750328576173963,-0.23701946710469723
y1,TE,hold2025,ols[xfp_m8],996,5.478002469327208,0.24202022993421146,0.5171809107501765,-1.3469528821181065,-2.750742476349987,-0.1414410014827592
y1,TE,hold2025,ols[xfp_e3],996,5.459975980635382,0.24700059721454648,0.5160625540565428,-1.5441262269577933,-3.18861779429429,-0.1909463344906704
y1,TE,hold2025,"ols[xfp_e3,act_e3]",996,5.453346595974828,0.24882803827497713,0.5159360353372733,-1.616474840242848,-2.7005652268020692,-0.15507890538592012
y1,TE,hold2025,"ols[xfp_m8,res_m8]",996,5.471073672542381,0.24393646360669952,0.5177441346622271,-1.4228168056867112,-2.611649582954899,-0.2862365163346696
y1,TE,hold2025,"ols[xfp_e3,xfp_m16]",996,5.446020969871846,0.2508448214745991,0.5171180592675302,-1.6963195317892144,-3.0592276338475974,-0.47978482098358033
y1,TE,hold2025,"ols[xfp_e3,xfp_m16,res_m16]",996,5.433923986893084,0.25416924950281006,0.5183707385597607,-1.8279340407410665,-3.118160572452835,-0.7882684903215783
y1,TE,hold2025,"ols[+vol,share]",996,5.405682904580726,0.2619015377671512,0.5227127902950557,-2.1340562711967763,-3.2784575659481625,-1.0050405418914359
y3,QB,val2024,act_m3,619,7.025153289934898,0.009252838128395058,0.4485064609078178,12.095651510445862,7.190272941544748,17.802549811376508
y3,QB,val2024,act_m8,619,6.103861665915869,0.2520706228447318,0.5335585130569385,0.0,0.0,0.0
y3,QB,val2024,act_m16,619,5.9286839504028785,0.2943849658350708,0.5249753100983524,-2.1078338528725666,-5.735530890316377,0.941176564705518
y3,QB,val2024,act_e1.5,619,6.501579020846592,0.1514275698756471,0.49033416877651503,5.013402527675268,1.576531055600036,8.012110716651566
y3,QB,val2024,act_e3,619,5.99949053756617,0.27742992373836606,0.5319966344477303,-1.2632405262912414,-3.2704893889770523,0.7925921246998342
y3,QB,val2024,act_e6,619,5.757434561715723,0.3345594716249899,0.552672653387243,-4.109074504198539,-6.663633816467698,-1.491109924373334
y3,QB,val2024,xfp_m3,619,6.384514931462688,0.18171038264666395,0.4825815286379283,3.504903673432757,-1.6987408211511144,8.3849521036345
y3,QB,val2024,xfp_m8,619,5.93327122636752,0.29329261442673626,0.5459637279587481,-2.0534197909965215,-5.1040699631825195,1.616155699972688
y3,QB,val2024,xfp_m16,619,5.855141327920063,0.3117820567792092,0.5452107597707998,-2.9744472667197357,-7.0118247985318005,1.4459772685888748
y3,QB,val2024,xfp_e3,619,5.777466930288819,0.3299207595258742,0.5556445738640469,-3.8780031060563473,-7.554299570971745,0.15177609876807246
y3,QB,val2024,xfp_e6,619,5.692930195628461,0.34938668918333116,0.563297171695761,-4.8476730243389525,-9.315717059234933,-1.0932577745609444
y3,QB,val2024,ols[act_m8],619,5.881887483732879,0.3054801675115205,0.5335603361880051,-2.6605268653437477,-5.3468432811461515,-0.24435121269161286
y3,QB,val2024,ols[xfp_m8],619,5.95011639221774,0.28927408843739866,0.545957753125775,-1.8532421556990073,-6.712265317203258,3.502388255125088
y3,QB,val2024,ols[xfp_e3],619,5.840900368376006,0.3151257728102297,0.5556445738640469,-3.141010123342298,-8.681831286541222,2.48742303836476
y3,QB,val2024,"ols[xfp_e3,act_e3]",619,5.767044201605225,0.33233626600286637,0.5565460312796519,-3.998328413368803,-8.141290270940475,-0.36803087919105715
y3,QB,val2024,"ols[xfp_m8,res_m8]",619,5.851660310739095,0.3126001365492236,0.5584862366029333,-3.015198844358089,-5.828972968123988,-0.20953371446488167
y3,QB,val2024,"ols[xfp_e3,xfp_m16]",619,5.826697910946396,0.3184523391653732,0.5578389955416365,-3.3067186912101576,-8.091429558250201,1.9803890701923033
y3,QB,val2024,"ols[xfp_e3,xfp_m16,res_m16]",619,5.7459194405842045,0.3372186301137279,0.5559810329656786,-4.241537018953757,-7.9041896393606965,-0.8445028967979555
y3,QB,val2024,"ols[+vol,share]",619,5.727793670506442,0.3413935839731034,0.5586258291835953,-4.449506904743593,-8.597806252290237,-0.7762584756291635
y3,QB,hold2025,act_m3,439,7.083755922898258,-0.37561914550553244,0.2846041808319692,13.669751322739273,7.063997319349516,21.095682695158484
y3,QB,hold2025,act_m8,439,6.042337846600179,-0.0008777686783456584,0.4028703049545262,0.0,0.0,0.0
y3,QB,hold2025,act_m16,439,5.744625049310056,0.09532120835008173,0.41776301267494315,-3.5091296952963233,-7.446822016218994,-0.1250077740378454
y3,QB,hold2025,act_e1.5,439,6.475004517947199,-0.1493470503638472,0.33609777693161413,5.415836854979759,0.919889703990451,9.363829125523054
y3,QB,hold2025,act_e3,439,5.916032374153774,0.04052841424252407,0.397031558967134,-1.5104076004213454,-4.122405661241593,0.6694646934960156
y3,QB,hold2025,act_e6,439,5.6459477119409955,0.12613421083501575,0.42796988156783156,-4.633121086485122,-7.2910453400483615,-2.03778768863134
y3,QB,hold2025,xfp_m3,439,6.199628761919853,-0.05366463297575552,0.373185985184382,1.9255501331670075,-3.470944580817549,7.376150334528409
y3,QB,hold2025,xfp_m8,439,5.631027099542579,0.13074685861184532,0.43760762347035065,-4.801380456673975,-8.181282308963727,-1.0548348976664006
y3,QB,hold2025,xfp_m16,439,5.275552655260087,0.23703088474250256,0.4844273119186369,-8.678390834035124,-12.422712385039619,-5.224373165043237
y3,QB,hold2025,xfp_e3,439,5.4807098255476365,0.17653593421603264,0.4536838415629979,-6.471666460602481,-9.965766849202552,-3.0764832682426304
y3,QB,hold2025,xfp_e6,439,5.276272481159757,0.23682266299437627,0.47801495922109,-8.670795357013152,-12.384299213709212,-5.192173231710784
y3,QB,hold2025,ols[act_m8],439,5.6809536615919125,0.11526434917583006,0.402883120057921,-4.236612147302331,-7.565416888394599,-1.696918443314786
y3,QB,hold2025,ols[xfp_m8],439,5.59421363352099,0.14207538462272262,0.4376140172411831,-5.214620474984763,-10.726802685327083,-1.3821854968853229
y3,QB,hold2025,ols[xfp_e3],439,5.490323550619998,0.173644520288749,0.4536838415629979,-6.36619396196431,-11.857797355269648,-1.7209300562920993
y3,QB,hold2025,"ols[xfp_e3,act_e3]",439,5.518786698733514,0.16505426268288204,0.4319494804059732,-6.052840026338931,-10.247474040040183,-2.7830124783886694
y3,QB,hold2025,"ols[xfp_m8,res_m8]",439,5.589699559448553,0.1434593763775096,0.42687447243205795,-5.265105487557538,-9.047634705824978,-2.4157015357497147
y3,QB,hold2025,"ols[xfp_e3,xfp_m16]",439,5.449905843663594,0.18576637664083706,0.46683626856690197,-6.808372947658288,-11.596852899928338,-2.494054807375739
y3,QB,hold2025,"ols[xfp_e3,xfp_m16,res_m16]",439,5.47213438387517,0.17911079908473249,0.4473159160729432,-6.565591937267996,-10.470569093381219,-3.4470321000692383
y3,QB,hold2025,"ols[+vol,share]",439,5.415007464641463,0.19616085153310503,0.4580491668215379,-7.1875408103341165,-11.016453869829968,-3.195738476979877
y3,RB,val2024,act_m3,1282,5.434904459092099,0.32045727772002586,0.679087880563241,6.808248031648311,4.123214511180543,10.091635915936726
y3,RB,val2024,act_m8,1282,4.767592521158962,0.47708488262057813,0.7188428689199439,0.0,0.0,0.0
y3,RB,val2024,act_m16,1282,4.659540451384102,0.5005188413675583,0.7206164423848799,-1.018621229726108,-2.6048976641028827,0.8642056157691649
y3,RB,val2024,act_e1.5,1282,5.029105013371651,0.418145568584507,0.7062363162358032,2.561958787708999,0.674939299125845,4.262377222956901
y3,RB,val2024,act_e3,1282,4.672159920184508,0.49780968047579865,0.7299472424388896,-0.9008601280323667,-1.8161208503761563,0.15510538208640676
y3,RB,val2024,act_e6,1282,4.565249711697642,0.5205293660632136,0.7325591527753192,-1.8884335176554679,-3.0791322040596203,-0.7058196531699797
y3,RB,val2024,xfp_m3,1282,4.989112587402332,0.4273628139317871,0.6884283205797709,2.161305961965521,0.13466578575607385,4.280395081174239
y3,RB,val2024,xfp_m8,1282,4.80595110612195,0.4686366038447548,0.7000025821203619,0.36722758662392607,-1.3790997732938175,2.4357389777014413
y3,RB,val2024,xfp_m16,1282,4.784852914732228,0.47329174851227207,0.6998404819114669,0.1648789678106226,-2.2190025307931003,2.489179446744172
y3,RB,val2024,xfp_e3,1282,4.675090446985378,0.4971795035304408,0.7147243727144571,-0.8734677603169345,-2.480727979802811,0.7954557514496655
y3,RB,val2024,xfp_e6,1282,4.672215446977307,0.49779774373390806,0.7119167112011605,-0.9003412648375146,-2.8607183570294183,0.8662993337989301
y3,RB,val2024,ols[act_m8],1282,4.662196901148877,0.49994916079740526,0.7188468579373116,-0.9938585027286813,-2.3734058715970545,0.6191077737821342
y3,RB,val2024,ols[xfp_m8],1282,4.784094141902077,0.4734587840428297,0.7000014100223666,0.15761831077090704,-2.275007998289176,2.7842288240969713
y3,RB,val2024,ols[xfp_e3],1282,4.675200293409978,0.4971558746046435,0.7147243727144571,-0.8724406643101261,-3.0602798512281697,1.3229854717020857
y3,RB,val2024,"ols[xfp_e3,act_e3]",1282,4.573535888058313,0.5187872559621645,0.7292156722138495,-1.812707928453527,-3.3743158724848454,-0.020132119638724973
y3,RB,val2024,"ols[xfp_m8,res_m8]",1282,4.667625658037166,0.49878394405738957,0.7165184314958124,-0.943209164243985,-2.5777921853375956,0.7211802468109816
y3,RB,val2024,"ols[xfp_e3,xfp_m16]",1282,4.670044065294199,0.4982644257171277,0.7154843255929332,-0.9206268760213021,-3.158930955479375,1.4069146325897248
y3,RB,val2024,"ols[xfp_e3,xfp_m16,res_m16]",1282,4.566233296355375,0.5203227395729455,0.728981192825211,-1.8794519310663915,-3.8913624087328533,-0.06196481306522574
y3,RB,val2024,"ols[+vol,share]",1282,4.57264047075816,0.5189756633767632,0.7294085358608094,-1.8208975729954595,-3.5927877911303243,0.018884576635409163
y3,RB,hold2025,act_m3,978,5.564465969608018,0.31546668407842704,0.6725930371767832,5.87652474657893,3.7229870350636265,8.189018352609846
y3,RB,hold2025,act_m8,978,5.008668164327396,0.44538434049261344,0.6955611550192072,0.0,0.0,0.0
y3,RB,hold2025,act_m16,978,4.793738821533326,0.49196182704337665,0.7110358483861057,-2.1068248912710494,-4.057429333987327,-0.22869675151145816
y3,RB,hold2025,act_e1.5,978,5.171125747877593,0.4088226234398388,0.6988365191055204,1.6537847200158247,0.05732008375417187,2.9775752677604657
y3,RB,hold2025,act_e3,978,4.839964321485317,0.4821166736974566,0.7157616356506235,-1.6615021470959448,-2.5656388151144958,-0.7215423518258647
y3,RB,hold2025,act_e6,978,4.727082715186845,0.5059919660570038,0.7158135835054837,-2.74144578412853,-4.344814955241941,-1.2353928186469258
y3,RB,hold2025,xfp_m3,978,4.949629997945747,0.45838201312606663,0.7040396883477552,-0.5879196637823512,-3.3628223852208263,2.7919600742902406
y3,RB,hold2025,xfp_m8,978,4.771132615982557,0.4967421189513255,0.7127113720282826,-2.3230503410542127,-4.473712618925525,-0.5646601894156845
y3,RB,hold2025,xfp_m16,978,4.698647421381495,0.5119174023041979,0.7157851709004738,-3.009469189891796,-4.879379806978582,-0.9325851829921102
y3,RB,hold2025,xfp_e3,978,4.6199377720999895,0.5281327238726883,0.7307737831841299,-3.742931762270551,-5.605368987933211,-1.6374894460032867
y3,RB,hold2025,xfp_e6,978,4.634147234633237,0.5252256320857278,0.7243194658656577,-3.6114361880878896,-5.660256688956935,-1.4982204254362115
y3,RB,hold2025,ols[act_m8],978,4.8485293253977035,0.4802821157555741,0.6955545538999856,-1.5785201611052564,-2.825529351998217,-0.2634087163857062
y3,RB,hold2025,ols[xfp_m8],978,4.793930046611271,0.4919212943483269,0.7127122621895331,-2.104991488544428,-4.061591555596558,-0.006360603683545459
y3,RB,hold2025,ols[xfp_e3],978,4.668011419147184,0.5182614202557161,0.7307737831841299,-3.296426171058261,-5.238530153042562,-1.0935184782332723
y3,RB,hold2025,"ols[xfp_e3,act_e3]",978,4.640526029182352,0.5239177010606729,0.727147843440032,-3.552274952827844,-4.938764466107898,-1.9997053267844838
y3,RB,hold2025,"ols[xfp_m8,res_m8]",978,4.772945993431429,0.49635949704895865,0.7096752379398356,-2.3057433241336405,-3.7362113836166637,-0.8858707847156273
y3,RB,hold2025,"ols[xfp_e3,xfp_m16]",978,4.652968108084293,0.5213613553325278,0.732033167492116,-3.4366445654972395,-5.256685921671696,-1.5162136003768458
y3,RB,hold2025,"ols[xfp_e3,xfp_m16,res_m16]",978,4.630491103151074,0.5259744873452449,0.729612515475205,-3.6453089239855245,-5.021612094192382,-2.1980767053260553
y3,RB,hold2025,"ols[+vol,share]",978,4.66861267265433,0.5181373135908947,0.7297910457372347,-3.290812493078164,-5.233113819407368,-1.7801820186138726
y3,WR,val2024,act_m3,1942,5.5346684061005895,0.14708399351571877,0.5938283059673681,8.063860788029736,5.878002705330413,10.128721291902686
y3,WR,val2024,act_m8,1942,4.750651910786383,0.37160970097419743,0.656172364189554,0.0,0.0,0.0
y3,WR,val2024,act_m16,1942,4.681920979393816,0.3896608749086973,0.6555557727341719,-0.6483095201703613,-1.6842934933403266,0.22300428722206941
y3,WR,val2024,act_e1.5,1942,5.114883518884346,0.2715587217172428,0.633040291852664,3.5933398342964047,2.3947692123967332,4.679256191677263
y3,WR,val2024,act_e3,1942,4.710886981504699,0.3820854490345026,0.6655502092074232,-0.37623742494785617,-1.0547883880293434,0.2777629398240515
y3,WR,val2024,act_e6,1942,4.57541125117076,0.4171144039052086,0.6711983648778022,-1.6343054601183304,-2.426788897706662,-0.898909108791787
y3,WR,val2024,xfp_m3,1942,4.970805473420068,0.31201877329140704,0.6302572420260872,2.1402134771245933,-0.013564299812438493,4.359312915554607
y3,WR,val2024,xfp_m8,1942,4.718644041475672,0.3800488276733519,0.6495889745145929,-0.30309198730444464,-1.8330868377554694,1.4686929321052506
y3,WR,val2024,xfp_m16,1942,4.714399322703568,0.3811636965836699,0.6369059282573608,-0.34313260355044406,-1.88390502860324,1.4879464696966036
y3,WR,val2024,xfp_e3,1942,4.6174441695730515,0.40635562391899716,0.6661381951558523,-1.247902918334141,-2.669440128096446,0.31411533405527653
y3,WR,val2024,xfp_e6,1942,4.611127504248474,0.4079787244083015,0.6560097912342975,-1.3061967170215532,-2.589787811791042,0.03670156262624569
y3,WR,val2024,ols[act_m8],1942,4.623439254991104,0.40481309995871195,0.6561810976016383,-1.1925030328656092,-1.8285509440259757,-0.5783547759706174
y3,WR,val2024,ols[xfp_m8],1942,4.713494793984779,0.38140113998700154,0.6495887354016479,-0.3516604045366911,-2.1359240861599935,1.844158156079759
y3,WR,val2024,ols[xfp_e3],1942,4.625123039073498,0.4043795055456916,0.6661381951558523,-1.176930450889845,-2.696868212635695,0.4956671329698561
y3,WR,val2024,"ols[xfp_e3,act_e3]",1942,4.557068562934058,0.4217785780522857,0.6765846453966471,-1.8018196901764298,-2.9045411200639792,-0.3224975776537689
y3,WR,val2024,"ols[xfp_m8,res_m8]",1942,4.617718028762157,0.4062852041011865,0.663852137751349,-1.245373784303247,-2.3237766960148054,0.01867330608389789
y3,WR,val2024,"ols[xfp_e3,xfp_m16]",1942,4.63150148708673,0.402735547538014,0.6625150966736456,-1.1178875525717125,-2.4897926829417103,0.7112314107118172
y3,WR,val2024,"ols[xfp_e3,xfp_m16,res_m16]",1942,4.562164052399451,0.42048477773348725,0.6738579475218298,-1.7553527364525294,-2.8032260186309816,-0.6862167507559125
y3,WR,val2024,"ols[+vol,share]",1942,4.552642097309364,0.4229013323625732,0.6742706785422501,-1.8421435112649043,-2.89705426169301,-0.7270223922591353
y3,WR,hold2025,act_m3,1487,5.151523067266191,0.17945755018892406,0.5948140689751328,5.213334404502671,2.9889561403543388,7.727979092308855
y3,WR,hold2025,act_m8,1487,4.61788431081518,0.3406502388405297,0.6257439400228303,0.0,0.0,0.0
y3,WR,hold2025,act_m16,1487,4.506590793734259,0.3720486385435926,0.6234137951249642,-1.0154949259026083,-2.123142075839681,0.23320242414117778
y3,WR,hold2025,act_e1.5,1487,4.7855448004477275,0.2919033681799855,0.6224932618771255,1.5765835290192918,-0.015391175491401461,3.126314862664812
y3,WR,hold2025,act_e3,1487,4.468662346363346,0.3825741092596633,0.6437076677182754,-1.3559123422674197,-2.245058073824395,-0.5759464577299143
y3,WR,hold2025,act_e6,1487,4.38137136905422,0.4064601427623502,0.6429397821268806,-2.128440434504938,-2.9509757827663496,-1.268426776846423
y3,WR,hold2025,xfp_m3,1487,4.854876435463268,0.2712373308840602,0.6041511172341424,2.2449696955435385,0.6155972361365707,4.086610387152375
y3,WR,hold2025,xfp_m8,1487,4.524032231678441,0.3671786296246047,0.6257477673457514,-0.8579878748075735,-2.2302721548763174,0.4975857180224549
y3,WR,hold2025,xfp_m16,1487,4.449612575196232,0.38782702428327775,0.6211412644934072,-1.5258034387285448,-3.1753300040404207,-0.047427863548179475
y3,WR,hold2025,xfp_e3,1487,4.446404507239737,0.38870943124049917,0.6378679974399507,-1.5543424660711445,-2.96672184777434,-0.27921639329146036
y3,WR,hold2025,xfp_e6,1487,4.400242815669808,0.4013361406325354,0.6339851150720133,-1.9627186712192284,-3.326038837204573,-0.3732368745589087
y3,WR,hold2025,ols[act_m8],1487,4.37562930264931,0.4080148669304422,0.625764113287418,-2.178723713869701,-3.1349486867813554,-1.2032038837086625
y3,WR,hold2025,ols[xfp_m8],1487,4.421772265422197,0.395463539802007,0.625744508566043,-1.7727855408160451,-3.087235043254133,0.12462514009402625
y3,WR,hold2025,ols[xfp_e3],1487,4.369472842061299,0.4096795277050278,0.6378679974399507,-2.232562590561745,-3.5799409762521157,-0.5881165981007638
y3,WR,hold2025,"ols[xfp_e3,act_e3]",1487,4.277186120163363,0.4343522633674628,0.648303937463043,-3.030534401554867,-4.375271003051548,-1.7524353586565786
y3,WR,hold2025,"ols[xfp_m8,res_m8]",1487,4.351648615416675,0.41448584886034734,0.6332612039649504,-2.388009836015126,-3.582304677215565,-1.214414333646045
y3,WR,hold2025,"ols[xfp_e3,xfp_m16]",1487,4.346157792091621,0.41596249679740127,0.6366009892251003,-2.435767954314276,-3.8574023608202204,-0.9466841392811374
y3,WR,hold2025,"ols[xfp_e3,xfp_m16,res_m16]",1487,4.294048683606731,0.4298834034101423,0.6405227128619817,-2.886001410888287,-4.154115601006648,-1.6094851320810006
y3,WR,hold2025,"ols[+vol,share]",1487,4.285758334256851,0.4320826812963049,0.6438654178322705,-2.9571310084209337,-4.069718099286019,-1.8811797050456829
y3,TE,val2024,act_m3,1028,4.137424552572739,0.21064268746767334,0.6243428735072837,3.9336435705297017,2.1597943457011666,5.720228358600483
y3,TE,val2024,act_m8,1028,3.6310657330461575,0.39203065211922494,0.6658400398559949,0.0,0.0,0.0
y3,TE,val2024,act_m16,1028,3.4674742786506147,0.4455786342774607,0.6730879077970298,-1.1612604845984276,-2.1586514350077834,-0.1761962039111999
y3,TE,val2024,act_e1.5,1028,3.8832985227211023,0.3046314941408851,0.648020264076959,1.8953690588658674,0.7637469113630039,3.3255294908748083
y3,TE,val2024,act_e3,1028,3.5655749126381413,0.4137638537966011,0.6797613086466041,-0.47131390006753904,-1.1677628965611895,0.34083757289102645
y3,TE,val2024,act_e6,1028,3.436940018439715,0.4553000095263946,0.6894029722831959,-1.37208166734964,-2.2414542250206977,-0.5279696925217279
y3,TE,val2024,xfp_m3,1028,3.8700120443077304,0.3093816791921512,0.6421547777006283,1.792354865384869,0.006569302314649573,3.3806904540313503
y3,TE,val2024,xfp_m8,1028,3.607422962683046,0.39992215512830387,0.6573654007388923,-0.17113792600910394,-1.091873794949391,0.8685136303082719
y3,TE,val2024,xfp_m16,1028,3.524756001995371,0.4271095543758765,0.6596332738350479,-0.7607334840996387,-1.9320438087687746,0.17847147799474664
y3,TE,val2024,xfp_e3,1028,3.5355489581582735,0.4235957519750676,0.6784797970638198,-0.6845319221679773,-1.6743624342671,0.35074159751699746
y3,TE,val2024,xfp_e6,1028,3.474938515307708,0.4431891218392783,0.680799322424509,-1.1094406725330934,-2.1705256909390087,-0.042292669147584325
y3,TE,val2024,ols[act_m8],1028,3.5401040778551813,0.42210954332704165,0.6658483323309288,-0.6523014756551468,-1.403999215827585,-0.04207432632111792
y3,TE,val2024,ols[xfp_m8],1028,3.5794622646640963,0.4091883660228004,0.657370684122252,-0.3720882535478083,-1.4506388010384375,0.7869680804913107
y3,TE,val2024,ols[xfp_e3],1028,3.51978649253145,0.4287238377621705,0.6784797970638198,-0.7957414046951801,-1.8692446844437938,0.20232943534204004
y3,TE,val2024,"ols[xfp_e3,act_e3]",1028,3.4815869141741014,0.4410564555424872,0.6849291143431627,-1.0631909167536868,-2.167751400968279,-0.07391302871748956
y3,TE,val2024,"ols[xfp_m8,res_m8]",1028,3.5404675379561126,0.4219908739877064,0.6660763597625123,-0.6497279703810115,-1.633762707980414,0.30590497076758305
y3,TE,val2024,"ols[xfp_e3,xfp_m16]",1028,3.4946221172632668,0.4368632056078131,0.6783301515134839,-0.972254615236432,-2.062452074321441,0.1496582445644834
y3,TE,val2024,"ols[xfp_e3,xfp_m16,res_m16]",1028,3.43791683702045,0.4549903453021351,0.6866242209317582,-1.3653661794333338,-2.4182623073355187,-0.4551856149222582
y3,TE,val2024,"ols[+vol,share]",1028,3.4327063866796292,0.45664110879617503,0.6858856639443761,-1.4011652205509133,-2.297059073017911,-0.6018989468241024
y3,TE,hold2025,act_m3,790,4.546656705880176,0.1034928041296217,0.5645450995973587,5.933837411880365,3.4107881166506866,8.107366380097975
y3,TE,hold2025,act_m8,790,3.8390428220123844,0.36083149891734767,0.6557077583066918,0.0,0.0,0.0
y3,TE,hold2025,act_m16,790,3.773242308979584,0.3825541976137373,0.6394386382384336,-0.5008922669712295,-2.184921446833683,0.8986942178868838
y3,TE,hold2025,act_e1.5,790,4.143417481657949,0.25546204921735105,0.6140504062627987,2.4296586380638914,1.0061011706709537,3.828754512272884
y3,TE,hold2025,act_e3,790,3.818942685737562,0.3675069865169607,0.6498273112883843,-0.15392655229638663,-1.013702062697815,0.6911813279831159
y3,TE,hold2025,act_e6,790,3.696183510711201,0.4075161702037142,0.6598488435972012,-1.076477244391432,-2.178848231623831,-0.2949976570282881
y3,TE,hold2025,xfp_m3,790,4.088477696333651,0.27507560076695614,0.6131516189594178,1.9774000841729062,-0.2476000434789517,4.417203296017673
y3,TE,hold2025,xfp_m8,790,3.7085047559992796,0.40355949105166955,0.6725322625923154,-0.985242263975536,-2.317164918474757,0.20296185019019283
y3,TE,hold2025,xfp_m16,790,3.6898065518113925,0.4095588099976478,0.6518727885172775,-1.1235773994545344,-2.772235429511545,0.49839395925240526
y3,TE,hold2025,xfp_e3,790,3.6780731602159324,0.4133079835411033,0.6672328653943305,-1.2100276173439948,-2.783339927607686,0.6547107012797837
y3,TE,hold2025,xfp_e6,790,3.632199680531441,0.42785134245751255,0.6700741422154417,-1.5453752699921086,-3.333421285052102,0.06558982157327578
y3,TE,hold2025,ols[act_m8],790,3.741819004182567,0.39279546812522037,0.6556730352278538,-0.7370403291829923,-1.8614682864919723,0.443820395602843
y3,TE,hold2025,ols[xfp_m8],790,3.6882493527894105,0.4100570694144997,0.6725380452108205,-1.1350665008933074,-2.8219622488330534,0.6115922780317185
y3,TE,hold2025,ols[xfp_e3],790,3.671886691804091,0.41527993953077624,0.6672328653943305,-1.2554979117968177,-2.878209398491796,0.42847962821643387
y3,TE,hold2025,"ols[xfp_e3,act_e3]",790,3.6595652274518575,0.41919755465058395,0.6685154832842024,-1.3458321352700473,-3.1294524803290544,0.14268153067413605
y3,TE,hold2025,"ols[xfp_m8,res_m8]",790,3.6737765808131466,0.4146778836995806,0.6752848838762766,-1.241615423513677,-2.7119872172285544,0.11642998847194991
y3,TE,hold2025,"ols[xfp_e3,xfp_m16]",790,3.6513844672264852,0.42179135718920135,0.6655867806886704,-1.4056412617419678,-3.285829633161844,0.35161427938532747
y3,TE,hold2025,"ols[xfp_e3,xfp_m16,res_m16]",790,3.6375870436151856,0.4261528353539844,0.6667661037604351,-1.506210289367747,-3.0623381121763593,-0.16714651531847297
y3,TE,hold2025,"ols[+vol,share]",790,3.5911588580755387,0.4407078994380138,0.672795768394278,-1.8418278453104033,-3.4695190495310744,-0.5635478268048046
