target,pos,test,c,xfp_e6,xfp_m16,res_m16,vol_m8,target_share_m8,wopr_m8,air_yards_share_m8,IMPL
y1,QB,2024,1.5736910059204778,1.4133515297343688,-0.4247515220722339,0.5453736159693604,-0.10628859696723258,19.669473083997136,-11.16913144523018,-58.10477295889405,0.05433873844270287
y1,QB,2025,1.370492510835625,1.517725126836897,-0.49964279566895614,0.48440514595113243,-0.11002262645270644,7.643300280261582,-13.031916813241937,-34.99552461947768,0.05064586783146452
y1,RB,2024,-1.722838990061827,0.951318163767645,-0.3060025399772527,0.6099281738678209,0.14197962865224484,5.322172285854107,-1.7136420379758133,-13.852714952509965,0.12680003531437434
y1,RB,2025,-2.2522954090390046,0.9880225877196313,-0.28720570950295055,0.6421812646220494,0.12281408087108175,4.519094630494642,-2.6870522877272904,-13.52242033352738,0.14557133918021625
y1,WR,2024,-2.0846230148211493,0.7841545522191702,0.02148598979040578,0.5560272831534061,-0.07951828820116424,3.7896614198779757,3.6323331338520806,-2.9316557085211854,0.11000532787284412
y1,WR,2025,-1.5650518825633253,0.9128476270697667,-0.11764485031550642,0.5535313762490578,-0.1119895361993882,4.289568157585069,4.186132971226544,-3.2117418073586625,0.0924255238311843
y1,TE,2024,-1.9961006111715593,0.7560638759011526,-0.1746365117422207,0.20748886931400654,0.14468360497301402,6.809186262020911,5.741434273113517,-6.389064457025621,0.11356113466554763
y1,TE,2025,-1.5377072744705274,0.6804066329704973,-0.0772202574464956,0.313305805898962,0.1017102025658245,6.16208048279308,5.690722809433929,-5.074854163936677,0.09435767472825352
y3,QB,2024,0.49158471702678647,1.1932895498981413,-0.3059860640911757,0.47804677647444954,-0.06621607573188426,35.64313702592302,-5.701724534937524,-84.52347153403093,0.10825367416250137
y3,QB,2025,0.4369992679951964,1.3110637729366994,-0.3823017051046923,0.44493921070785947,-0.08611717346555381,25.19171670117295,-9.085463067373357,-66.96148302733252,0.1176827435072254
y3,RB,2024,-2.4267796069846224,0.6919405412598221,-0.15230872625390146,0.578605584511896,0.19648837399641314,6.203783446595917,-0.7333702006880574,-14.341493386545624,0.1692771273994862
y3,RB,2025,-2.993550636739063,0.8204148405082218,-0.1828775292841796,0.6200183630161578,0.14850941995041161,5.1145784784368695,-1.8928625126214262,-13.663900328966756,0.18682216114283412
y3,WR,2024,-3.0920981338018,0.7178320688963247,0.0820934313412632,0.5236352094236844,-0.1275769234155922,4.443666222372601,4.073226622864162,-3.7032467295638964,0.16423970859045178
y3,WR,2025,-2.580538780381799,0.8063269825174357,-0.03408064142222039,0.5234040866876205,-0.11001759477111123,4.1875134429196,4.181018742995043,-3.000359173406218,0.1464285465912244
y3,TE,2024,-1.8691498949922074,0.6882087565528543,-0.10909529206188354,0.2663114550433891,0.14053369473119579,6.572726876651837,5.45584415760702,-6.2903516533868284,0.11364404321197452
y3,TE,2025,-1.429373704668637,0.7075625744660413,-0.0792775632699888,0.3653586930486232,0.07782889796021097,6.023287792606735,5.208583943031427,-5.466211065540983,0.09416527598856261
