pos,score,rank_autocorr,r2_y1,r2_y3
QB,last game xFP,0.39535159414302445,0.11506078207312018,0.19025559310836057
QB,act_m3,0.8374415551105131,0.15099249416444618,0.2524415296649541
QB,act_m8,0.9641781238419196,0.1855340450936709,0.31952944269931693
QB,act_e3,0.9431038740058498,0.19951812953562598,0.3383671386044945
QB,act_e6,0.9779188098378068,0.20731765487413942,0.35325097884886
QB,xfp_ewm_hl0.5,0.6239125988421496,0.14435571784192075,0.23874072078125466
QB,xfp_ewm_hl1,0.8114817514600924,0.17319216896080128,0.2878348891158432
QB,xfp_ewm_hl2,0.9250339935179344,0.1952181617475314,0.3273306756977416
QB,xfp_ewm_hl3,0.9584174679279356,0.20207714788991188,0.3406478467179684
QB,xfp_ewm_hl4,0.9722916583561624,0.20391052845161078,0.3449191865592986
QB,xfp_ewm_hl6,0.9837760927184429,0.20274127669325628,0.34440761243553275
QB,xfp_ewm_hl8,0.9884326935784523,0.20002732735211795,0.34066933495832324
QB,xfp_ewm_hl12,0.9922332321365371,0.19497687833764973,0.33299090976998147
QB,xfp_ewm_hl20,0.9946074232079142,0.18851779714018335,0.32262557004382275
RB,last game xFP,0.6168427778256294,0.2155531781775492,0.31357001330291173
RB,act_m3,0.8981659893915638,0.2583518957890112,0.3818495906757814
RB,act_m8,0.9790147093282435,0.2902241234372884,0.4455951653968637
RB,act_e3,0.9691342549645885,0.30920450393328797,0.46717438434228464
RB,act_e6,0.9873315417344639,0.3129106496931753,0.4773437653316748
RB,xfp_ewm_hl0.5,0.7910694833801047,0.2509090390109219,0.36983215092053134
RB,xfp_ewm_hl1,0.9031363850326322,0.280915886464058,0.41851621441324816
RB,xfp_ewm_hl2,0.961974262594167,0.2997415120461129,0.4513896361839865
RB,xfp_ewm_hl3,0.9786089515574324,0.3039165550632667,0.4603217573952956
RB,xfp_ewm_hl4,0.9856320229082248,0.3038789187724335,0.46187641824569464
RB,xfp_ewm_hl6,0.991402263071729,0.30011557452892074,0.45799667822106416
RB,xfp_ewm_hl8,0.993679428541736,0.2954884464133216,0.45196376494488466
RB,xfp_ewm_hl12,0.9954909429293951,0.28765326807731917,0.441082331184452
RB,xfp_ewm_hl20,0.9966030087341675,0.27801985404765994,0.4272433578150616
WR,last game xFP,0.5111282367538184,0.15526182604079697,0.26179127306721056
WR,act_m3,0.8705315594630497,0.20586019248588613,0.3451719269760593
WR,act_m8,0.9745362231426266,0.2523281188672831,0.43143406135843865
WR,act_e3,0.961429324673955,0.25997113595963267,0.44478326014918346
WR,act_e6,0.9852375322638832,0.2702589275816966,0.4620181018679261
WR,xfp_ewm_hl0.5,0.7278969232837816,0.19229696297867338,0.3237927165768371
WR,xfp_ewm_hl1,0.8753993377520628,0.2271801937217731,0.38318269188099197
WR,xfp_ewm_hl2,0.9535368452056369,0.2520779999619029,0.4271398540351512
WR,xfp_ewm_hl3,0.9746846234552503,0.25946611484252063,0.4408105726623829
WR,xfp_ewm_hl4,0.983330699632377,0.2614307410934962,0.44476464766480545
WR,xfp_ewm_hl6,0.9902886006600566,0.2598522216829479,0.442588555242614
WR,xfp_ewm_hl8,0.9930473065789804,0.2560944234607043,0.43632493866302685
WR,xfp_ewm_hl12,0.9952268485502482,0.24838016521423664,0.42316754977675625
WR,xfp_ewm_hl20,0.9965306271554534,0.23767551711979049,0.40477573968545494
TE,last game xFP,0.48196438746045145,0.13713742210133364,0.2469418293138515
TE,act_m3,0.8542040609876651,0.17474861688843565,0.3240504249580767
TE,act_m8,0.9711101185317188,0.22834561592654848,0.4147082072136916
TE,act_e3,0.9541834230538334,0.23287200392674054,0.4235535905580538
TE,act_e6,0.9811377697686501,0.24823089896814046,0.449586288462298
TE,xfp_ewm_hl0.5,0.7162657535277458,0.17300119247001336,0.31146057226702084
TE,xfp_ewm_hl1,0.8681074517034285,0.20899905584685932,0.376083275041572
TE,xfp_ewm_hl2,0.9485602170010294,0.23655931779867212,0.425228748722007
TE,xfp_ewm_hl3,0.970719596675246,0.2456766945024181,0.44161573753229866
TE,xfp_ewm_hl4,0.9801199241845231,0.24926053567331855,0.4482141524914467
TE,xfp_ewm_hl6,0.9877497367103019,0.2510727912160483,0.45181732450107176
TE,xfp_ewm_hl8,0.9907882432181744,0.2506043219558466,0.45124534485629586
TE,xfp_ewm_hl12,0.9933023822902854,0.24833422225864563,0.44752370933082086
TE,xfp_ewm_hl20,0.9948772561556438,0.2442798991137738,0.44056925019678217
