target,pos,test,model,n,r2,wk_spearman,dMSE_vs_S0,lo,hi,rel_gain_pct
y1,QB,2024,S0 xfp_e6+xfp_m16 (shrunk xFP),647,0.23740200413451118,0.46195871687447465,0.0,0.0,0.0,0.0
y1,QB,2024,S1 +res_m16,647,0.24349032173317298,0.45076078100147815,-0.5332516110207166,-3.4020036218409215,1.4108040752771462,0.7983652765507427
y1,QB,2024,S2 +vol_m8,647,0.24105409615143947,0.46383381780344524,-0.3198722668559526,-1.1341305207000805,0.3930586795354956,0.47890133946439095
y1,QB,2024,"S3 +share(tgt,wopr)",647,0.23690944986681373,0.46002740019159266,0.043140876360070024,0.007068930352293279,0.08522394897592205,-0.06458898008750814
y1,QB,2024,S4 +vegas impl total,647,0.23904318778800948,0.4689555397436546,-0.1437447723491374,-0.844251319208951,0.6834511721026024,0.21520954190757097
y1,QB,2024,S5 +impl+res,647,0.2440966100646832,0.4583110707629272,-0.586354003312465,-3.265303082310835,1.4420562162547268,0.8778682826951737
y1,QB,2024,S6 full composite,647,0.24584122793043295,0.4586645627918064,-0.7391581684123594,-3.3228412411373793,1.4541972501355642,1.1066412240362606
y1,QB,2024,A0 act_e6 only,647,0.2356804467472834,0.44145099209146493,0.15078438917272763,-3.250714316001054,2.89816952295517,-0.22574900492282385
y1,QB,2024,A1 act_e6+act_m16,647,0.2369632219806812,0.43972038695177484,0.03843119000039508,-2.6031765334066534,2.7161564154054947,-0.05753780579135947
y1,QB,2025,S0 xfp_e6+xfp_m16 (shrunk xFP),573,0.16198702061458536,0.3858657349875597,0.0,0.0,0.0,0.0
y1,QB,2025,S1 +res_m16,573,0.15772859596393307,0.38228116963597997,0.34742421718736693,-0.9918547686152888,1.6507841244656531,-0.5081573621658223
y1,QB,2025,S2 +vol_m8,573,0.1601124908841438,0.38381055064939773,0.1529337906902697,-1.0146151791023648,1.2962460264382194,-0.22368743403191094
y1,QB,2025,"S3 +share(tgt,wopr)",573,0.16327117026297333,0.387149077583039,-0.10476754268137256,-0.34620188701426036,0.019192729462599402,0.15323744142121748
y1,QB,2025,S4 +vegas impl total,573,0.16581017753078575,0.388619129107213,-0.31191283344463727,-1.0041498911096005,0.477332455740215,0.45621690955243455
y1,QB,2025,S5 +impl+res,573,0.16045560347682863,0.38934290221298057,0.12494089808328113,-1.2977621492641875,1.4728081210641188,-0.18274384471704466
y1,QB,2025,S6 full composite,573,0.16368897802269522,0.3850322076537833,-0.13885445175324662,-1.6016746679523015,1.5049935566679415,0.20309439710087357
y1,QB,2025,A0 act_e6 only,573,0.1561383093524943,0.3894289448805657,0.47716799015704225,-1.3339625716715005,2.06350435040476,-0.6979260949371338
y1,QB,2025,A1 act_e6+act_m16,573,0.1580889670722332,0.38874103794229403,0.3180232859817522,-1.590627038628706,1.849183220201572,-0.4651543160119998
y1,RB,2024,S0 xfp_e6+xfp_m16 (shrunk xFP),1344,0.3387399200946728,0.6140604666735454,0.0,0.0,0.0,0.0
y1,RB,2024,S1 +res_m16,1344,0.35447350226897156,0.6220751003627224,-1.03043120140822,-2.12312908395583,-0.09128959908392131,2.3793334351215183
y1,RB,2024,S2 +vol_m8,1344,0.33966187566617956,0.6109161658593859,-0.060381150120065286,-0.36693388534924,0.26365817421349896,0.13942404804456937
y1,RB,2024,"S3 +share(tgt,wopr)",1344,0.3396968032905575,0.613142770401315,-0.0626686466069657,-0.378841779400002,0.24295169761265548,0.144706027924999
y1,RB,2024,S4 +vegas impl total,1344,0.3479790148407015,0.6235045027030444,-0.6050911606529326,-1.0266852567519862,-0.2043084491436932,1.3971952983085627
y1,RB,2024,S5 +impl+res,1344,0.3608864818497217,0.6313152523087604,-1.4504330916829815,-2.7391390275619614,-0.36198304022984706,3.3491454312831936
y1,RB,2024,S6 full composite,1344,0.36321570137117765,0.6289328483419931,-1.6029794376612045,-2.8768274507153446,-0.30075355064448395,3.7013849800231484
y1,RB,2024,A0 act_e6 only,1344,0.3567915730475819,0.6244355356989993,-1.1822473886497136,-2.493214144111485,-0.23104855835603258,2.7298869993019292
y1,RB,2024,A1 act_e6+act_m16,1344,0.35646174355716853,0.6253052450338316,-1.160646039745096,-2.37146742526026,-0.060162979822455595,2.6800080635493613
y1,RB,2025,S0 xfp_e6+xfp_m16 (shrunk xFP),1215,0.3456099057101464,0.6317022680257676,0.0,0.0,0.0,0.0
y1,RB,2025,S1 +res_m16,1215,0.34781577038793765,0.6332075197650342,-0.1537865734155659,-1.1943304450309824,0.8022029409531591,0.33708711318209483
y1,RB,2025,S2 +vol_m8,1215,0.34330190510255176,0.6296386924636393,0.16090719818698318,-0.012894617977939032,0.39384280839601893,-0.3526949181740423
y1,RB,2025,"S3 +share(tgt,wopr)",1215,0.34436643054310356,0.6307500663477963,0.08669153053321565,-0.18848744712241886,0.4003058036781699,-0.19002047523234078
y1,RB,2025,S4 +vegas impl total,1215,0.3528394182269661,0.6362684604489054,-0.5040209259526733,-1.1583597896346525,0.0006286628388731881,1.1047710807213829
y1,RB,2025,S5 +impl+res,1215,0.3531644698109808,0.6336755361233826,-0.5266825922789025,-1.766839196588882,0.5022616260769552,1.154443529441352
y1,RB,2025,S6 full composite,1215,0.34982180906447,0.6350893856878456,-0.2936418498108182,-1.6643014917293935,0.7948092808300252,0.6436380059961734
y1,RB,2025,A0 act_e6 only,1215,0.34506477701896976,0.628312892367098,0.0380048125030541,-1.3616009107801064,1.2876336242942763,-0.08330332257981501
y1,RB,2025,A1 act_e6+act_m16,1215,0.34537071584745627,0.623846522981734,0.01667563280250306,-1.3184776832358058,1.2408329788703836,-0.03655157142158838
y1,WR,2024,S0 xfp_e6+xfp_m16 (shrunk xFP),2023,0.24125876492835419,0.5163371308510425,0.0,0.0,0.0,0.0
y1,WR,2024,S1 +res_m16,2023,0.2527237195744185,0.5317291738513659,-0.7129543973337462,-1.4463418348002537,-0.13019882790103443,1.5110493691543878
y1,WR,2024,S2 +vol_m8,2023,0.24128254772914726,0.5165664322261924,-0.001478946313326901,-0.03213051043884949,0.03307000319820154,0.00313450748340036
y1,WR,2024,"S3 +share(tgt,wopr)",2023,0.24383297848290875,0.5230818662692899,-0.16007886032290486,-0.3173570121455128,-0.015923115280452847,0.33927423943308294
y1,WR,2024,S4 +vegas impl total,2023,0.24124752804757865,0.5118809772217712,0.0006987715005095652,-0.3361713728454672,0.28973011157260076,-0.0014809898627131527
y1,WR,2024,S5 +impl+res,2023,0.25164011555359944,0.529222205189607,-0.6455698960024066,-1.4691920661263815,0.09672539525742459,1.3682333508953133
y1,WR,2024,S6 full composite,2023,0.25363669772481223,0.5294486365403118,-0.7697284367510093,-1.6802625341935744,-0.028934761260483353,1.631377368766462
y1,WR,2024,A0 act_e6 only,2023,0.2546763430275558,0.5295060445656853,-0.8343793414550049,-2.1557495415325323,0.13513900333627354,1.7683997493472812
y1,WR,2024,A1 act_e6+act_m16,2023,0.252811837991068,0.5300393887719236,-0.7184340886692766,-1.7597149791768678,0.2267734414907446,1.5226631331856908
y1,WR,2025,S0 xfp_e6+xfp_m16 (shrunk xFP),1861,0.2527967351718704,0.5192761677487553,0.0,0.0,0.0,0.0
y1,WR,2025,S1 +res_m16,1861,0.2609305775896734,0.5242899691885137,-0.46367998101665364,-1.1280914040373828,0.22573671755567046,1.0885715842895802
y1,WR,2025,S2 +vol_m8,1861,0.2534009076181092,0.5197718636562542,-0.034441614923551356,-0.06706893423313805,0.0017814748415865675,0.08085784346483436
y1,WR,2025,"S3 +share(tgt,wopr)",1861,0.25608621751847627,0.524075233019407,-0.1875211042557723,-0.4358105436329319,0.061229569123822734,0.44023928982197313
y1,WR,2025,S4 +vegas impl total,1861,0.2541740974189802,0.5166130942855679,-0.0785182780520941,-0.33678534327849424,0.17055249260035776,0.18433568373483003
y1,WR,2025,S5 +impl+res,1861,0.2611805873504146,0.5192540331513141,-0.4779321038338793,-1.1545285232069729,0.21855178137155123,1.122030988511907
y1,WR,2025,S6 full composite,1861,0.262230956653302,0.5211514450283155,-0.5378097352663787,-1.3393458390582962,0.143018328849497,1.2626044244602714
y1,WR,2025,A0 act_e6 only,1861,0.26761294668491076,0.5241447306490239,-0.8446168883317142,-1.7878488125364878,0.14046518523026635,1.9828890223664137
y1,WR,2025,A1 act_e6+act_m16,1861,0.2669821707080894,0.5231973635338688,-0.8086587054785355,-1.7779992711219723,-0.007183481069197099,1.8984707647766963
y1,TE,2024,S0 xfp_e6+xfp_m16 (shrunk xFP),1057,0.2599741389714716,0.5207303167659872,0.0,0.0,0.0,0.0
y1,TE,2024,S1 +res_m16,1057,0.2687349691093113,0.5212314821908022,-0.3241673496028774,-0.625481862037621,-0.08206794358509484,1.1838545920089036
y1,TE,2024,S2 +vol_m8,1057,0.2602087603801291,0.5190820202378954,-0.008681437604423081,-0.0799716410940019,0.07017784148606318,0.03170448777714847
y1,TE,2024,"S3 +share(tgt,wopr)",1057,0.2641680301928728,0.5188394276421355,-0.15518193828372517,-0.4322489721036279,0.13373787330516948,0.5667222515132648
y1,TE,2024,S4 +vegas impl total,1057,0.25861171996137555,0.5086220512219028,0.05041209024745896,-0.23870862854069372,0.34779260093497133,-0.18410424308720022
y1,TE,2024,S5 +impl+res,1057,0.2665703135149168,0.5137279120295127,-0.24407098250096482,-0.7096238144565393,0.11863443897665814,0.891343788212677
y1,TE,2024,S6 full composite,1057,0.26946880002402684,0.5121346380137215,-0.3513204867984676,-0.9819809380100659,0.2166056915993169,1.2830174663570668
y1,TE,2024,A0 act_e6 only,1057,0.27528198325231856,0.5212785630692556,-0.5664193039450254,-1.2327016583954349,0.1115195879692738,2.06855531502255
y1,TE,2024,A1 act_e6+act_m16,1057,0.27545181295140864,0.5197263922594608,-0.5727033252731069,-1.3717120233902447,0.05840812401311176,2.0915044723471383
y1,TE,2025,S0 xfp_e6+xfp_m16 (shrunk xFP),996,0.2524908450579808,0.5124217570626065,0.0,0.0,0.0,0.0
y1,TE,2025,S1 +res_m16,996,0.25539908947988654,0.5160667157300727,-0.11513774948741329,-0.540871614876426,0.2570190435724808,0.3890580339623182
y1,TE,2025,S2 +vol_m8,996,0.2536208526231021,0.5093696812704053,-0.04473713659409384,-0.12910590111166034,0.03162653811682511,0.15116972917995553
y1,TE,2025,"S3 +share(tgt,wopr)",996,0.26062214799849714,0.5120641941690317,-0.3219192698933959,-0.6285892523793501,0.0018674435671072115,1.0877864019133112
y1,TE,2025,S4 +vegas impl total,996,0.256675146999507,0.5216995258763081,-0.16565702149870987,-0.45357610025655193,0.13743250794206516,0.5597659793010558
y1,TE,2025,S5 +impl+res,996,0.2591777894132117,0.5186085842379061,-0.2647369382743676,-0.7733032951118998,0.22285503982675356,0.8945635395929695
y1,TE,2025,S6 full composite,996,0.26856755334045046,0.5169069718769217,-0.6364788313068388,-1.218988393408736,-0.03760151253737622,2.150703864451884
y1,TE,2025,A0 act_e6 only,996,0.24687162052172873,0.49725905504474505,0.22246578110672033,-0.6566798310992017,1.0309128983754445,-0.7517265172074065
y1,TE,2025,A1 act_e6+act_m16,996,0.24709573309092292,0.49831896210412774,0.21359313730329532,-0.736947226649344,1.0549268650457078,-0.7217452697922323
y3,QB,2024,S0 xfp_e6+xfp_m16 (shrunk xFP),619,0.3293746538094495,0.5476530001917117,0.0,0.0,0.0,0.0
y3,QB,2024,S1 +res_m16,619,0.3469797946699499,0.5469374906250285,-0.8769771493043166,-3.378894407404564,1.1682730473371987,2.6251827433164117
y3,QB,2024,S2 +vol_m8,619,0.33792668317517904,0.5599075750237126,-0.42600819802308365,-1.1281688143347837,0.26790182569511656,1.2752320523387384
y3,QB,2024,"S3 +share(tgt,wopr)",619,0.3283249578642471,0.5461267140742007,0.05228923556785503,-0.018856690467937653,0.14395315403153744,-0.15652494364628722
y3,QB,2024,S4 +vegas impl total,619,0.3405149055325324,0.577099347477039,-0.5549371218358985,-1.6138806822014717,0.5733256543725862,1.661173677130503
y3,QB,2024,S5 +impl+res,619,0.35222757806003147,0.5653315701367136,-1.1383886400766485,-3.8659038852177687,0.9035469598903999,3.4077036277254638
y3,QB,2024,S6 full composite,619,0.3552777820116463,0.5713333717009058,-1.2903305749625886,-4.029177896426346,0.6294425508150112,3.86253343231626
y3,QB,2024,A0 act_e6 only,619,0.34312807407276724,0.5425337677506317,-0.6851087072396069,-4.258051090330103,1.8569948693465375,2.0508351408790566
y3,QB,2024,A1 act_e6+act_m16,619,0.3453679220832304,0.5413075752037029,-0.7966838169564596,-3.933515028135823,2.088977027226232,2.384829079996708
y3,QB,2025,S0 xfp_e6+xfp_m16 (shrunk xFP),439,0.2043423310785879,0.5063128682132448,0.0,0.0,0.0,0.0
y3,QB,2025,S1 +res_m16,439,0.1861256976817376,0.4783329921910486,0.6645032117371059,-1.0327548132212514,2.3440002539704583,-2.2895064181992524
y3,QB,2025,S2 +vol_m8,439,0.20288053235703252,0.5064140387253773,0.05332324168936253,-1.060250775758029,1.2900352732734897,-0.1837220677501931
y3,QB,2025,"S3 +share(tgt,wopr)",439,0.2053000578183125,0.5086427923609117,-0.03493579085933263,-0.1253694199087046,0.01782718104182597,0.12036919609194181
y3,QB,2025,S4 +vegas impl total,439,0.23137445480022112,0.5175943496942119,-0.9860731476435092,-1.7979938214167972,-0.13727247677845028,3.397456566751591
y3,QB,2025,S5 +impl+res,439,0.20607568146186883,0.5008585206369273,-0.063228856378867,-1.6879723216074265,1.7209709130737052,0.21785127586725125
y3,QB,2025,S6 full composite,439,0.21290287024168308,0.506214621499239,-0.3122698713946548,-2.185155144334198,1.8416708842680825,1.0759073276701738
y3,QB,2025,A0 act_e6 only,439,0.16676310720512033,0.46122984643188,1.3708084482187886,-1.1480626836920478,4.105718134331516,-4.723039234248778
y3,QB,2025,A1 act_e6+act_m16,439,0.16526579660899943,0.4574805634961479,1.4254270859448148,-1.011536624795113,3.7786742474257644,-4.911224512240346
y3,RB,2024,S0 xfp_e6+xfp_m16 (shrunk xFP),1282,0.4953344831785932,0.7118546440777406,0.0,0.0,0.0,0.0
y3,RB,2024,S1 +res_m16,1282,0.519948185748333,0.726705094324688,-1.069902027668796,-1.990005672717379,-0.1402532730431354,4.8772309082592225
y3,RB,2024,S2 +vol_m8,1282,0.49449424303567024,0.7092852634195753,0.03652334020429393,-0.29290090734912794,0.44157985992749216,-0.1664944631476039
y3,RB,2024,"S3 +share(tgt,wopr)",1282,0.49603807791728527,0.7134587598116423,-0.030583673279178214,-0.36857752458634035,0.28776871135398785,0.13941803337855294
y3,RB,2024,S4 +vegas impl total,1282,0.5106493384287026,0.7187123942088546,-0.6657021485946792,-1.1540918865533278,-0.19219297803988158,3.0346545859857303
y3,RB,2024,S5 +impl+res,1282,0.5302469572088626,0.7264489296700356,-1.5175663494789013,-2.8146151639785484,-0.42809138980670985,6.917943244896685
y3,RB,2024,S6 full composite,1282,0.530223325661509,0.7281488051942718,-1.5165391395189616,-2.842354167126251,-0.37729836934915534,6.913260629071753
y3,RB,2024,A0 act_e6 only,1282,0.5221454420381069,0.7254474287215509,-1.1654117931368866,-2.2982159451230006,-0.23545493202271026,5.312619540241293
y3,RB,2024,A1 act_e6+act_m16,1282,0.5220575305043629,0.7251411751398441,-1.1615904774310621,-2.2033574588377425,-0.19237293162830296,5.295199777881115
y3,RB,2025,S0 xfp_e6+xfp_m16 (shrunk xFP),978,0.5135737195929608,0.7045613711577615,0.0,0.0,0.0,0.0
y3,RB,2025,S1 +res_m16,978,0.5190718084855904,0.7025422361795243,-0.24869333644245728,-1.282916904343901,0.9018912279785395,1.1303025996105438
y3,RB,2025,S2 +vol_m8,978,0.5114738529411187,0.7032124487635488,0.09498261194556434,-0.16989325076270248,0.3410534116816907,-0.4316926811776947
y3,RB,2025,"S3 +share(tgt,wopr)",978,0.510328103252421,0.7089096944986611,0.1468079495082435,-0.18457818644300195,0.5639442920015266,-0.6672370452155469
y3,RB,2025,S4 +vegas impl total,978,0.5286615726082036,0.7162244111711095,-0.6824641397020912,-1.3350637276404809,-0.08122521807242031,3.10177587498301
y3,RB,2025,S5 +impl+res,978,0.5302681072094838,0.7096324099334849,-0.7551320171964377,-2.0184542101670355,0.45800858040074954,3.4320488610428725
y3,RB,2025,S6 full composite,978,0.5254464852146742,0.7061773750704937,-0.5370370965120941,-1.9531427569383855,0.7622842494575236,2.4408150011505017
y3,RB,2025,A0 act_e6 only,978,0.5159230507378938,0.6957887227284899,-0.10626656139096013,-1.6339829889596187,1.170775031861373,0.48297784054084436
y3,RB,2025,A1 act_e6+act_m16,978,0.5151376388199875,0.694541848133446,-0.07074026959025659,-1.4060888255673896,1.423651836103448,0.3215120749064316
y3,WR,2024,S0 xfp_e6+xfp_m16 (shrunk xFP),1942,0.40130462738098294,0.6518694243691149,0.0,0.0,0.0,0.0
y3,WR,2024,S1 +res_m16,1942,0.4211468195115159,0.6648269391126347,-0.7126340982559718,-1.601835676294844,-0.03965438771087106,3.3142384320981972
y3,WR,2024,S2 +vol_m8,1942,0.4012628538751388,0.6519187536129021,0.0015002991843040547,-0.009984154691788571,0.012090694851339194,-0.006977422534839263
y3,WR,2024,"S3 +share(tgt,wopr)",1942,0.40422698127083434,0.6526299961264014,-0.104956600328169,-0.25700231948937435,0.04806626840795064,0.488120340243729
y3,WR,2024,S4 +vegas impl total,1942,0.4039569032331075,0.6482202266967256,-0.09525672353995773,-0.505364063080965,0.30376883665530174,0.4430092453399319
y3,WR,2024,S5 +impl+res,1942,0.4207123785799898,0.6598320095161802,-0.6970311134926526,-1.61721841674626,0.030793772334629897,3.241673827226511
y3,WR,2024,S6 full composite,1942,0.42391130246877273,0.6576528709373267,-0.8119207499741172,-1.7248092344390784,0.07002941721390278,3.7759896136988718
y3,WR,2024,A0 act_e6 only,1942,0.42669018073201237,0.6630967801031755,-0.9117244103892155,-2.0744889350919,0.16725216254411512,4.2401452411397935
y3,WR,2024,A1 act_e6+act_m16,1942,0.42462012425617524,0.6644195030465017,-0.8373781476228608,-1.888589089473876,0.19757328804410867,3.8943840125567926
y3,WR,2025,S0 xfp_e6+xfp_m16 (shrunk xFP),1487,0.4125919399042287,0.6418129669047965,0.0,0.0,0.0,0.0
y3,WR,2025,S1 +res_m16,1487,0.4283885645197474,0.6460494343892826,-0.5108983991270932,-1.277611850651536,0.16357074476096484,2.6892080120492694
y3,WR,2025,S2 +vol_m8,1487,0.4126271901867181,0.6417716748486769,-0.0011400734860096406,-0.0036693863874969423,0.0020187915552464892,0.006000987198512207
y3,WR,2025,"S3 +share(tgt,wopr)",1487,0.4173952520545393,0.6464809241722633,-0.15534992745795861,-0.4362940104614186,0.04422551857244513,0.8177130135952713
y3,WR,2025,S4 +vegas impl total,1487,0.41462804962808575,0.6356200219999381,-0.0658523718632722,-0.5108125671954038,0.37579639519363073,0.34662611260816584
y3,WR,2025,S5 +impl+res,1487,0.42742984992382993,0.641764311081642,-0.47989141097642474,-1.295918533960683,0.2517472473354619,2.5259970074605635
y3,WR,2025,S6 full composite,1487,0.4293207635592142,0.6451732937779336,-0.5410478144941955,-1.5935056963012937,0.4058221679776526,2.8479050240233534
y3,WR,2025,A0 act_e6 only,1487,0.4387330535279905,0.6455839016493553,-0.8454624596610927,-2.02026080561636,0.03315455851195573,4.450247689740551
y3,WR,2025,A1 act_e6+act_m16,1487,0.4383407469429579,0.6452140886797313,-0.8327743815976767,-1.9661371133528291,0.1850518005509745,4.38346164922067
y3,TE,2024,S0 xfp_e6+xfp_m16 (shrunk xFP),1028,0.4396444761260986,0.6860395759995817,0.0,0.0,0.0,0.0
y3,TE,2024,S1 +res_m16,1028,0.45745188094365674,0.6919739694121011,-0.3861776805477142,-0.7199909967826533,-0.12242564781180268,3.1778761980341126
y3,TE,2024,S2 +vol_m8,1028,0.439128573411924,0.6843405823916509,0.011188048769001924,-0.05628073744133659,0.09342038638095411,-0.09206703462258525
y3,TE,2024,"S3 +share(tgt,wopr)",1028,0.44520662091154173,0.6852984206136286,-0.12062263952100949,-0.4071470452393072,0.18663055677196355,0.9926099678629753
y3,TE,2024,S4 +vegas impl total,1028,0.4389043193028008,0.6821297324908577,0.01605130271317634,-0.21425294062679115,0.2591404862276014,-0.13208700401146317
y3,TE,2024,S5 +impl+res,1028,0.4554073828502134,0.689326057079562,-0.3418399716171212,-0.7054239057916059,-0.01197104757715728,2.8130188875700317
y3,TE,2024,S6 full composite,1028,0.45744319914231424,0.6831647666611438,-0.3859894039324665,-1.0030154306209873,0.11458153143518059,3.176326859984867
y3,TE,2024,A0 act_e6 only,1028,0.46045582398113694,0.686923238215524,-0.4513222519547586,-1.0735804201511259,0.1451113995502483,3.713954260888399
y3,TE,2024,A1 act_e6+act_m16,1028,0.46114307028317636,0.6864047233482002,-0.46622611838592576,-1.185843691377572,0.21762980728155087,3.836598952117347
y3,TE,2025,S0 xfp_e6+xfp_m16 (shrunk xFP),790,0.4287446137000729,0.6635628468823258,0.0,0.0,0.0,0.0
y3,TE,2025,S1 +res_m16,790,0.4307278702924352,0.666353794612968,-0.04573086909772961,-0.7712366937027937,0.5191187613744689,0.3471751234081283
y3,TE,2025,S2 +vol_m8,790,0.43025898779520344,0.6576519439138379,-0.0349191545744052,-0.10698916108342091,0.0431080344856796,0.26509581028886464
y3,TE,2025,"S3 +share(tgt,wopr)",790,0.4420963261281792,0.6605889060841311,-0.30787010396519676,-0.6255091370238071,0.007963808931176963,2.337258037002777
y3,TE,2025,S4 +vegas impl total,790,0.4313483551825754,0.6708012636999185,-0.06003830334370619,-0.33844782437833637,0.2444590059663675,0.4557928984035133
y3,TE,2025,S5 +impl+res,790,0.43323535140239877,0.6727611460554869,-0.10354955521548703,-0.6648544461969375,0.44746954773196385,0.7861173496170948
y3,TE,2025,S6 full composite,790,0.44836881818040564,0.6716533255693286,-0.45250419420928445,-1.1168229454509064,0.16288864400015457,3.4352769270921946
y3,TE,2025,A0 act_e6 only,790,0.41749267606587304,0.6569261339610573,0.25945250303314893,-0.7806772974270809,1.1376676740903966,-1.9696860465648403
y3,TE,2025,A1 act_e6+act_m16,790,0.41657901173870837,0.654199599813223,0.2805202074873989,-0.8972688774104031,1.349869768729693,-2.12962577738866
